session,transport,control_protection,rekey_target,reneg_sec,web_sites_json
1,udp,tls-crypt,,40,"[""https://hosting24.com/"", ""https://icloud.com/"", ""https://vk.com/"", ""https://twitter.com/"", ""https://office.com/""]"
2,udp,tls-crypt,,40,"[""https://msn.com/"", ""https://pinterest.com/"", ""https://facebook.com/"", ""https://f5.com/"", ""https://office.com/""]"
3,tcp,tls-crypt-v2,,40,"[""https://sentry.io/"", ""https://archive.org/"", ""https://t.me/"", ""https://ubuntu.com/"", ""https://snapchat.com/""]"
4,udp,vanilla,,40,"[""https://afternic.com/"", ""https://criteo.com/"", ""https://msn.com/"", ""https://discord.com/"", ""https://telekom.net/""]"
5,udp,tls-crypt-v2,,40,"[""https://mozilla.org/"", ""https://discord.com/"", ""https://webex.com/"", ""https://actify.nl/"", ""https://base.org/""]"
6,udp,tls-auth,,40,"[""https://twitter.com/"", ""https://mit.edu/"", ""https://afternic.com/"", ""https://zoom.us/"", ""https://criteo.com/""]"
7,udp,tls-auth,,40,"[""https://opera.com/"", ""https://amazonvideo.com/"", ""https://skype.com/"", ""https://gmail.com/"", ""https://zoom.us/""]"
8,udp,tls-crypt,,40,"[""https://tumblr.com/"", ""https://ipify.org/"", ""https://shopify.com/"", ""https://bbc.com/"", ""https://azure.com/""]"
9,udp,tls-auth,,40,"[""https://tumblr.com/"", ""https://mts.ru/"", ""https://mts.ru/"", ""https://tiktok.com/"", ""https://amazonvideo.com/""]"
10,tcp,vanilla,,40,"[""https://triplinkintl.com/"", ""https://kaspersky.com/"", ""https://amazonaws.com/"", ""https://apache.org/"", ""https://webex.com/""]"
11,tcp,tls-crypt-v2,,40,"[""https://ui.com/"", ""https://ui.com/"", ""https://cisco.com/"", ""https://wordpress.com/"", ""https://gravatar.com/""]"
12,tcp,tls-crypt,,40,"[""https://samsung.com/"", ""https://sourceforge.net/"", ""https://stripe.com/"", ""https://forbes.com/"", ""https://ipify.org/""]"
13,tcp,tls-auth,,40,"[""https://soundcloud.com/"", ""https://opera.com/"", ""https://samsung.com/"", ""https://msn.com/"", ""https://twitter.com/""]"
14,tcp,tls-auth,,40,"[""https://yuga.com/"", ""https://soundcloud.com/"", ""https://adobe.io/"", ""https://dropbox.com/"", ""https://facebook.com/""]"
15,udp,tls-crypt-v2,,40,"[""https://googledomains.com/"", ""https://xiaomi.com/"", ""https://live.com/"", ""https://skype.com/"", ""https://ipify.org/""]"
16,udp,tls-auth,,40,"[""https://webex.com/"", ""https://twitter.com/"", ""https://ui.com/"", ""https://fastly.net/"", ""https://mit.edu/""]"
17,tcp,vanilla,,40,"[""https://instagram.com/"", ""https://flickr.com/"", ""https://apache.org/"", ""https://bing.com/"", ""https://ubuntu.com/""]"
18,udp,tls-auth,,40,"[""https://wordpress.org/"", ""https://icloud.com/"", ""https://wordpress.com/"", ""https://w3.org/"", ""https://ntp.org/""]"
19,tcp,vanilla,,40,"[""https://vungle.com/"", ""https://taboola.com/"", ""https://doi.org/"", ""https://gandi.net/"", ""https://t.me/""]"
20,tcp,tls-crypt-v2,,40,"[""https://windows.com/"", ""https://registrar-servers.com/"", ""https://samsung.com/"", ""https://kaspersky.com/"", ""https://samsung.com/""]"
21,tcp,tls-auth,,40,"[""https://mts.ru/"", ""https://soundcloud.com/"", ""https://msn.com/"", ""https://ntp.org/"", ""https://googledomains.com/""]"
22,udp,vanilla,,40,"[""https://amazonaws.com/"", ""https://cnn.com/"", ""https://europa.eu/"", ""https://nist.gov/"", ""https://google.com/""]"
23,tcp,tls-crypt,,40,"[""https://europa.eu/"", ""https://w3.org/"", ""https://forbes.com/"", ""https://android.com/"", ""https://actify.nl/""]"
24,udp,tls-crypt-v2,,40,"[""https://wordpress.org/"", ""https://sentry.io/"", ""https://twitter.com/"", ""https://triplinkintl.com/"", ""https://vimeo.com/""]"
25,udp,tls-crypt,,40,"[""https://gravatar.com/"", ""https://blogspot.com/"", ""https://sentry.io/"", ""https://registrar-servers.com/"", ""https://ubuntu.com/""]"
26,tcp,tls-crypt,,40,"[""https://windows.com/"", ""https://flickr.com/"", ""https://netflix.com/"", ""https://windows.com/"", ""https://telekom.net/""]"
27,tcp,tls-crypt-v2,,40,"[""https://vk.com/"", ""https://reddit.com/"", ""https://ubuntu.com/"", ""https://adobe.io/"", ""https://pki.goog/""]"
28,tcp,vanilla,,40,"[""https://youtube.com/"", ""https://bbc.com/"", ""https://actify.nl/"", ""https://samsung.com/"", ""https://ubuntu.com/""]"
29,udp,tls-auth,,40,"[""https://apache.org/"", ""https://msn.com/"", ""https://archive.org/"", ""https://taboola.com/"", ""https://twitch.tv/""]"
30,tcp,tls-auth,,40,"[""https://forbes.com/"", ""https://actify.nl/"", ""https://actify.nl/"", ""https://fastly.net/"", ""https://vungle.com/""]"
31,udp,vanilla,,40,"[""https://bbc.com/"", ""https://mit.edu/"", ""https://github.io/"", ""https://kaspersky.com/"", ""https://vk.com/""]"
32,udp,vanilla,,40,"[""https://whatsapp.net/"", ""https://ui.com/"", ""https://europa.eu/"", ""https://wordpress.com/"", ""https://nginx.org/""]"
33,udp,vanilla,,40,"[""https://t-online.de/"", ""https://vungle.com/"", ""https://office.com/"", ""https://vk.com/"", ""https://fastly.net/""]"
34,tcp,tls-crypt-v2,,40,"[""https://rubiconproject.com/"", ""https://doi.org/"", ""https://nginx.org/"", ""https://archive.org/"", ""https://gandi.net/""]"
35,tcp,tls-crypt-v2,,40,"[""https://vimeo.com/"", ""https://google.com/"", ""https://cpanel.net/"", ""https://nginx.org/"", ""https://office.com/""]"
36,udp,tls-crypt,,40,"[""https://yuga.com/"", ""https://soundcloud.com/"", ""https://tumblr.com/"", ""https://archive.org/"", ""https://spotify.com/""]"
37,tcp,tls-crypt,,40,"[""https://ubuntu.com/"", ""https://reddit.com/"", ""https://adobe.io/"", ""https://instagram.com/"", ""https://opera.com/""]"
38,udp,tls-crypt-v2,,40,"[""https://roblox.com/"", ""https://tiktok.com/"", ""https://forbes.com/"", ""https://apple.com/"", ""https://wikimedia.org/""]"
39,udp,tls-crypt-v2,,40,"[""https://netflix.com/"", ""https://t.me/"", ""https://live.com/"", ""https://lencr.org/"", ""https://cisco.com/""]"
40,udp,tls-crypt-v2,,40,"[""https://google.com/"", ""https://lencr.org/"", ""https://rubiconproject.com/"", ""https://google.com/"", ""https://actify.nl/""]"
41,tcp,tls-auth,,40,"[""https://googledomains.com/"", ""https://registrar-servers.com/"", ""https://wordpress.com/"", ""https://t-online.de/"", ""https://cpanel.net/""]"
42,tcp,vanilla,,40,"[""https://nginx.org/"", ""https://windows.com/"", ""https://ui.com/"", ""https://mozilla.org/"", ""https://vk.ru/""]"
43,tcp,vanilla,,40,"[""https://opera.com/"", ""https://blogspot.com/"", ""https://android.com/"", ""https://bbc.com/"", ""https://spotify.com/""]"
44,tcp,tls-crypt,,40,"[""https://amazonvideo.com/"", ""https://applovin.com/"", ""https://gandi.net/"", ""https://registrar-servers.com/"", ""https://t.me/""]"
45,tcp,tls-crypt,,40,"[""https://webex.com/"", ""https://flickr.com/"", ""https://apple.com/"", ""https://soundcloud.com/"", ""https://skype.com/""]"
46,tcp,tls-auth,,40,"[""https://creativecommons.org/"", ""https://skype.com/"", ""https://dropbox.com/"", ""https://android.com/"", ""https://googledomains.com/""]"
47,udp,tls-auth,,40,"[""https://vungle.com/"", ""https://lencr.org/"", ""https://kaspersky.com/"", ""https://mts.ru/"", ""https://afternic.com/""]"
48,tcp,tls-crypt-v2,,40,"[""https://msn.com/"", ""https://afternic.com/"", ""https://gmail.com/"", ""https://zoom.us/"", ""https://bbc.com/""]"
49,udp,vanilla,,40,"[""https://netflix.com/"", ""https://discord.com/"", ""https://pki.goog/"", ""https://europa.eu/"", ""https://tiktok.com/""]"
50,udp,tls-crypt,,40,"[""https://github.com/"", ""https://facebook.com/"", ""https://kaspersky.com/"", ""https://nginx.org/"", ""https://mozilla.org/""]"
